<?xml version="1.0" encoding="UTF-8"?>
<project-private xmlns="http://www.netbeans.org/ns/project-private/1">
    <editor-bookmarks xmlns="http://www.netbeans.org/ns/editor-bookmarks/2" lastBookmarkId="0"/>
    <open-files xmlns="http://www.netbeans.org/ns/projectui-open-files/2">
        <group>
            <file>file:/D:/hoctap/fall2023/block2/agile/QUANLINHANVIEN/src/quanlynhanvien/service/NhanVienService.java</file>
            <file>file:/D:/hoctap/fall2023/block2/agile/QUANLINHANVIEN/src/quanlinhanvien/view/FormQuanLyNhanVien.java</file>
        </group>
    </open-files>
</project-private>
